B_Obs,Time,LAI,GAP[1],GAP[2],GAP[3],GAP[4],GAP[5]
16,9:32:28,5.28258,0.0325239,0.0145702,0.0179086,0.0112761,0.0106497
19,9:32:42,3.30893,0.27059,0.116519,0.149928,0.0747154,0.00940246
22,9:32:50,4.83066,0.0361612,0.0539615,0.0214955,0.0284156,0.00390171
25,9:33:01,3.18387,0.0288335,0.197369,0.0935204,0.0659867,0.0409903
28,9:33:07,3.60381,0.0339166,0.0394616,0.0612381,0.0744782,0.0493671
31,9:33:13,5.39539,0.0107953,0.0203273,0.0136506,0.0212856,0.00411579
37,9:34:03,3.38808,0.136236,0.103907,0.159107,0.038252,0.0224263
40,9:34:10,3.03569,0.159112,0.0418996,0.0628223,0.143179,0.105398
43,9:34:17,0.860538,0.251941,0.60505,0.656778,0.584794,0.29642
46,9:34:26,2.08534,0.887723,0.100781,0.102828,0.236831,0.30384
49,9:34:30,1.71037,0.38405,0.180523,0.357083,0.255329,0.191616
52,9:34:39,2.47312,0.160511,0.240607,0.0612975,0.0914495,0.351141
58,9:35:12,1.47535,0.349541,0.496385,0.297965,0.249465,0.246328
61,9:35:21,2.23294,0.146039,0.0936812,0.100465,0.20373,0.411609
64,9:35:31,2.42411,0.0983339,0.0780572,0.225465,0.219577,0.0858432
67,9:35:42,1.40216,0.297654,0.129425,0.184797,0.696365,0.549991
70,9:35:47,1.78963,0.260014,0.168689,0.450872,0.265146,0.120156
73,9:35:56,1.24566,0.711663,0.971393,0.818023,0.201307,0.0976641
79,9:36:20,1.55048,0.0746399,0.210567,0.632817,0.315928,0.192417
82,9:36:27,2.71904,0.0649581,0.0998568,0.181842,0.0950167,0.100481
85,9:36:35,3.87959,0.019407,0.0642325,0.0416523,0.0365522,0.0538804
91,9:37:02,3.32551,0.126242,0.0445779,0.0269233,0.10503,0.150133
94,9:37:08,1.39624,0.204527,0.186058,0.428964,0.45664,0.281422
97,9:37:14,0.691006,0.229915,0.678154,0.815765,0.665015,0.342044
103,9:37:37,1.35733,0.933539,0.614254,0.38009,0.395056,0.0912967
106,9:37:44,3.40635,0.107982,0.0477337,0.0288507,0.0883066,0.125211
109,9:37:50,1.98575,0.7852,0.55236,0.119789,0.133646,0.167988
115,9:38:08,3.16008,0.0625491,0.0627836,0.0647174,0.0500635,0.243643
118,9:38:14,1.88742,0.130418,0.300339,0.153643,0.241072,0.256447
121,9:38:21,1.85878,0.235594,0.252252,0.286638,0.166955,0.214247
127,9:38:58,0.733861,0.359408,0.461932,0.381567,0.674266,0.914106
130,9:39:05,3.62093,0.0520789,0.103295,0.0717207,0.0277778,0.0514439
133,9:39:10,2.99201,0.128154,0.109405,0.121359,0.072956,0.0599408
139,9:39:32,2.12715,0.0443791,0.279689,0.265417,0.220263,0.0860952
142,9:39:37,3.35198,0.436444,0.0725503,0.0560315,0.0739959,0.0370258
145,9:39:42,3.58836,0.0447465,0.0815704,0.0313858,0.0764933,0.0531854
151,9:40:04,1.63931,0.160876,0.192579,0.220184,0.320882,0.420802
154,9:40:09,2.44364,0.0529807,0.076562,0.239219,0.213074,0.0956207
157,9:40:14,3.3973,0.0536913,0.113635,0.127732,0.0400519,0.0330567
163,9:40:37,2.48899,0.505443,0.21679,0.0633647,0.0821157,0.280494
166,9:40:41,1.38575,0.0772939,0.313526,0.402079,0.396963,0.320487
169,9:40:49,1.30621,0.58437,0.264906,0.60734,0.520817,0.110453
175,9:41:22,1.33564,0.609901,0.485165,0.64858,0.18109,0.215986
178,9:41:29,1.72068,0.0768713,0.0631888,0.178107,0.63869,0.564476
181,9:41:36,1.75692,0.273347,0.413759,0.405363,0.0872313,0.303375
187,9:41:53,1.00451,0.24891,0.330696,0.611006,0.695412,0.258264
190,9:41:59,1.98883,0.118498,0.334982,0.328906,0.131963,0.141994
193,9:42:06,1.60227,0.432553,0.220969,0.706515,0.400602,0.0533574
199,9:42:32,1.43838,0.479458,0.382559,0.455423,0.242698,0.202184
202,9:42:39,4.76837,0.0899343,0.0808553,0.0408433,0.00604032,0.00967607
205,9:42:44,3.33165,0.128965,0.15015,0.0683939,0.0522357,0.0373976
211,9:43:01,5.02108,0.0442347,0.046723,0.104841,0.00441621,0.00359311
214,9:43:08,1.45986,0.437013,0.317264,0.426433,0.356819,0.145731
217,9:43:14,4.40876,0.0185146,0.0162804,0.0833758,0.0332662,0.0119901
223,9:43:44,1.74855,0.344545,0.408149,0.29473,0.226371,0.117317
226,9:43:51,2.498,0.0857438,0.141264,0.335597,0.0820349,0.0902492
229,9:43:57,0.483533,0.983884,0.655041,0.614937,0.591748,0.842181
235,9:44:19,1.46576,0.313287,0.289625,0.376911,0.306677,0.248715
238,9:44:25,1.83492,0.411284,0.407356,0.304325,0.32764,0.0454295
241,9:44:32,3.33013,0.229558,0.126648,0.0576911,0.0336957,0.0834251
247,9:45:25,2.69197,0.20994,0.110195,0.135548,0.103095,0.0899446
250,9:45:32,0.810773,0.872366,0.793092,0.572103,0.374685,0.410966
253,9:45:38,2.26544,0.536779,0.194769,0.126669,0.116885,0.190927
259,9:45:57,1.11736,0.184215,0.729553,0.746154,0.292861,0.220162
262,9:46:04,1.41704,1,0.35189,0.516987,0.233208,0.169703
265,9:46:15,0.436509,0.710121,0.870447,0.769231,0.564857,0.692349
271,9:46:48,2.41134,0.0672984,0.258569,0.13095,0.171977,0.0896059
274,9:46:53,2.70855,0.0711694,0.13339,0.181919,0.16333,0.0364144
277,9:47:00,2.31553,0.24996,0.0927087,0.129584,0.15337,0.271887
283,9:47:20,3.16948,0.0887839,0.116746,0.0704871,0.0638566,0.0743677
286,9:47:26,1.46563,0.726092,0.408322,0.427889,0.203937,0.205202
289,9:47:33,2.70663,0.0555293,0.171888,0.18475,0.107345,0.0546726
295,9:48:00,2.0173,0.0577896,0.245732,0.14745,0.161153,0.443732
298,9:48:04,0.940063,0.915171,0.638446,0.520336,0.48374,0.235933
301,9:48:08,0.698726,0.109829,0.349063,0.772111,0.899644,0.560007
307,9:48:33,1.34094,0.431681,0.849533,0.31026,0.226073,0.255362
310,9:48:41,2.40428,0.258243,0.180664,0.081039,0.18805,0.13549
313,9:48:48,2.09509,0.0733172,0.0731927,0.163896,0.385929,0.251879
319,9:49:27,2.65987,0.0629134,0.0953846,0.116372,0.153894,0.120076
322,9:49:33,1.42192,0.475197,0.294795,0.262805,0.268605,0.479294
325,9:49:38,1.88583,0.099685,0.136105,0.305183,0.348448,0.153043
331,9:50:00,3.13159,0.0564711,0.220336,0.064443,0.0539241,0.0769231
334,9:50:06,0.777173,0.970659,0.966779,0.677785,0.40962,0.268498
337,9:50:11,0.977713,0.474678,0.426174,0.455947,0.665316,0.280403
343,9:50:41,2.14996,0.147154,0.221673,0.403323,0.0887715,0.139373
346,9:50:48,1.07726,0.417746,0.253618,0.176707,0.810811,0.803497
349,9:50:55,1.05738,0.482921,0.366925,0.573414,0.460197,0.293672
358,10:07:02,3.08482,0.332543,0.166014,0.0591248,0.0914822,0.0367589
361,10:07:09,1.20001,0.234124,0.56475,0.68684,0.281009,0.220403
364,10:07:18,1.93867,0.489583,0.202021,0.155866,0.201158,0.252212
382,10:11:42,1.26455,0.660509,0.384062,0.327206,0.333672,0.351673
385,10:11:47,2.37667,0.114744,0.36375,0.274877,0.104552,0.0492937
388,10:11:52,1.24374,0.67236,0.237219,0.210938,0.56943,0.497026
394,10:12:05,1.47771,0.338785,0.483951,0.53669,0.168542,0.208501
397,10:12:10,0.989767,0.418403,0.728264,0.602088,0.338839,0.299828
400,10:12:15,1.61279,0.176111,0.425678,0.312251,0.211277,0.24507
406,10:12:45,3.57375,0.322977,0.137911,0.0466081,0.0445898,0.0232554
409,10:12:51,3.44339,0.360771,0.0800682,0.0932768,0.0550075,0.0199043
412,10:12:56,2.62298,0.117513,0.222505,0.0968807,0.136412,0.075069
418,10:13:11,3.53541,0.0431622,0.0365553,0.0752134,0.0877384,0.0397445
421,10:13:15,2.79098,0.111781,0.185667,0.290492,0.044538,0.0557571
424,10:13:21,4.05994,0.407854,0.0608552,0.0309979,0.0229155,0.0287671
430,10:13:49,2.54076,0.368039,0.0720204,0.0960796,0.149988,0.187704
433,10:13:54,1.70561,0.585265,0.216752,0.187273,0.253373,0.323721
436,10:13:59,1.76317,0.310792,0.247523,0.295787,0.146284,0.336416
442,10:14:15,1.86463,0.877273,0.682233,0.154785,0.246821,0.0664883
445,10:14:19,1.19958,0.301623,0.540204,0.360794,0.419689,0.27219
448,10:14:24,1.67878,0.336039,0.147444,0.306417,0.275789,0.299317
454,10:14:45,1.43393,0.165529,0.067439,0.249743,0.716237,0.721838
457,10:14:49,0.823398,0.334088,1,0.59007,0.341932,0.46572
460,10:14:57,0.824348,0.549791,0.554526,0.409022,0.434497,0.787969
466,10:15:19,1.05688,0.167579,0.243893,0.682198,0.550223,0.384421
469,10:15:24,0.602919,0.665706,0.470462,0.781661,0.664028,0.516356
472,10:15:27,2.25023,0.0704971,0.116009,0.196177,0.217862,0.15657
478,10:15:53,3.30926,0.185526,0.111121,0.157234,0.0352927,0.0295172
481,10:16:12,4.22398,0.119958,0.0434299,0.0182249,0.0559524,0.0173538
484,10:16:18,3.76528,0.122839,0.0845771,0.0343696,0.0288194,0.0635043
490,10:16:32,4.39782,0.120463,0.0269886,0.0226707,0.0309554,0.0237121
493,10:16:38,6.06829,0.00585551,0.00256229,0.00297534,0.0234198,0.0148447
502,10:17:22,4.1472,0.0174957,0.0330554,0.0278357,0.0511072,0.0379117
505,10:17:27,2.19407,0.0548486,0.238594,0.280389,0.188032,0.0834955
508,10:17:34,3.80385,0.112011,0.0968434,0.111219,0.0187708,0.0206213
514,10:18:01,2.15611,0.451754,0.307007,0.283588,0.10319,0.0874953
517,10:18:05,5.80259,0.0087753,0.00421318,0.0119143,0.0114428,0.0110608
520,10:18:09,3.55644,0.458165,0.0752375,0.0229096,0.089833,0.0365753
526,10:18:29,2.91375,0.108151,0.145107,0.0832355,0.131129,0.0468463
529,10:18:34,3.27427,0.0440589,0.217138,0.044342,0.0680019,0.0555493
532,10:18:42,3.64054,0.0593453,0.0270475,0.0486169,0.122008,0.034475
538,10:18:58,1.8825,0.796133,0.615014,0.0959596,0.223526,0.14702
541,10:19:02,2.58852,0.43114,0.397046,0.0963458,0.0522507,0.123638
544,10:19:09,2.32841,0.502035,0.261532,0.137017,0.188286,0.0537502
550,10:19:47,2.47552,0.0605081,0.183624,0.166262,0.132583,0.106166
553,10:19:52,3.59407,0.300462,0.218266,0.0257676,0.0972806,0.0100768
556,10:19:57,2.82033,0.0809304,0.133217,0.0676785,0.0957478,0.161619
562,10:20:16,1.72621,0.476575,0.4304,0.43081,0.101492,0.207361
565,10:20:20,1.68422,0.640065,0.426314,0.121939,0.289353,0.254758
568,10:20:28,2.21362,0.916317,0.609643,0.190359,0.1419,0.0304668
574,10:20:50,1.09619,0.276062,0.861068,0.532194,0.345575,0.217482
577,10:20:54,2.08201,0.353425,0.430071,0.195331,0.131242,0.105003
580,10:20:59,1.45104,0.555137,0.352887,0.348184,0.27901,0.228431
586,10:21:20,2.11746,0.360537,0.147588,0.224421,0.167251,0.151666
589,10:21:24,0.752241,0.967975,0.871275,0.498346,0.424455,0.45784
592,10:21:29,1.16234,0.522039,0.262673,0.395188,0.432473,0.451284
598,10:21:49,1.97185,0.36165,0.19184,0.475976,0.214896,0.0580473
601,10:21:55,2.16756,0.101939,0.299721,0.48048,0.118626,0.0589899
604,10:22:06,3.08279,0.0596052,0.144338,0.0546547,0.0583251,0.151467
610,10:22:18,2.68574,0.190969,0.105984,0.247771,0.114808,0.0400439
613,10:22:23,2.27174,0.418759,0.241686,0.0999436,0.219859,0.0920022
616,10:22:29,3.76601,0.0423989,0.230322,0.134312,0.0184142,0.0115996
622,10:23:29,2.2077,0.164039,0.0833244,0.208678,0.271469,0.132325
625,10:23:33,2.60614,0.0858805,0.208459,0.166236,0.0876818,0.0887803
628,10:23:38,2.1345,0.290985,0.127559,0.303878,0.288832,0.0561737
634,10:23:50,2.68646,0.183007,0.097828,0.0736766,0.0836486,0.307692
637,10:23:54,2.83345,0.029687,0.0648665,0.193173,0.165207,0.0535605
640,10:23:59,2.14973,0.151944,0.353097,0.265953,0.249129,0.0356626
646,10:24:23,2.63964,0.088495,0.201496,0.107224,0.105981,0.105774
649,10:24:28,1.43662,0.427425,0.46107,0.399114,0.28695,0.165249
652,10:24:34,1.63436,0.22311,0.505403,0.238445,0.240015,0.207651
658,10:24:51,1.44049,0.169369,0.283929,0.474622,0.281712,0.288047
661,10:24:56,1.63341,0.363132,0.211885,0.353172,0.306164,0.17902
664,10:25:00,1.9703,0.123285,0.608921,0.206677,0.178935,0.0997936
670,10:25:22,1.96297,0.177041,0.145708,0.158145,0.318193,0.226175
673,10:25:28,2.0932,0.550569,0.18397,0.228722,0.131225,0.161206
676,10:25:33,1.83124,0.318699,0.209234,0.149083,0.24352,0.347688
682,10:25:48,1.30875,0.583222,0.300341,0.35826,0.349136,0.326087
685,10:25:51,1.09903,0.211898,0.364619,0.619278,0.400741,0.359268
688,10:25:56,2.0387,0.462901,0.128413,0.278675,0.146593,0.200038
694,10:27:26,1.89564,0.556134,0.20474,0.152139,0.164305,0.386479
697,10:27:29,2.06377,0.194338,0.102397,0.112365,0.315519,0.319852
700,10:27:36,1.75831,0.155418,0.275503,0.189125,0.281442,0.273349
706,10:27:51,2.13367,0.888468,0.582348,0.109395,0.0977926,0.147435
709,10:27:55,1.70611,0.0769707,0.126873,0.395062,0.396561,0.219564
712,10:28:00,3.26787,0.0977281,0.0970276,0.0881361,0.0606263,0.0473966
718,10:28:19,1.90127,0.594666,0.265267,0.316565,0.155241,0.125153
721,10:28:25,1.77536,0.922621,0.611513,0.154058,0.132691,0.24559
724,10:28:29,2.08376,0.51136,0.0628476,0.208032,0.219576,0.264379
730,10:28:42,2.8841,0.203408,0.122694,0.112801,0.0589001,0.104555
733,10:28:46,2.75181,0.166645,0.0877306,0.162157,0.0980113,0.0815287
736,10:28:51,2.00866,0.398743,0.184181,0.147115,0.238964,0.18894
742,10:29:32,3.02493,0.315575,0.249131,0.0635938,0.0590758,0.0537452
745,10:29:38,2.59182,0.0878721,0.152037,0.191965,0.0863365,0.107691
748,10:29:43,1.97608,0.299154,0.403626,0.167291,0.184811,0.135302
754,10:29:55,1.97898,0.0881491,0.290304,0.216974,0.257871,0.123846
757,10:30:00,0.811676,0.871172,0.327227,0.540448,0.597701,0.537615
760,10:30:06,2.77688,0.0701065,0.119194,0.179506,0.0570215,0.135612
766,10:30:28,1.95064,0.445331,0.318285,0.323345,0.145348,0.101239
769,10:30:32,1.88925,0.240445,0.159994,0.280736,0.205178,0.225019
772,10:30:37,1.59248,0.828182,0.271323,0.558219,0.190945,0.138342
778,10:30:52,2.0557,0.300749,0.296778,0.181083,0.222417,0.0927178
781,10:30:57,2.24836,0.889343,0.263198,0.132474,0.110053,0.133803
784,10:31:03,1.93652,0.657133,0.409991,0.237394,0.138817,0.116187
790,10:31:25,1.50054,0.141017,0.194444,0.313365,0.361974,0.410617
793,10:31:30,2.32954,0.173357,0.245595,0.135547,0.141533,0.120375
796,10:31:34,2.07342,0.0725801,0.427048,0.173128,0.125225,0.2258
802,10:31:48,2.00196,0.201278,0.332367,0.361949,0.102403,0.144354
805,10:31:52,2.93533,0.0987545,0.232309,0.0861079,0.119272,0.0308548
808,10:31:58,3.90662,0.110882,0.0599826,0.0414443,0.0258112,0.0480438
814,10:32:19,1.56637,0.209585,0.430842,0.643636,0.166167,0.155634
817,10:32:25,2.69393,0.697232,0.161573,0.052028,0.150676,0.0821775
820,10:32:30,3.15875,0.119792,0.0484663,0.121399,0.0646668,0.0814744
826,10:32:44,2.12093,0.25679,0.155777,0.238187,0.173899,0.139386
829,10:32:49,0.788775,0.831476,0.913425,0.825439,0.429816,0.208196
832,10:32:54,2.16485,0.0720404,0.159199,0.387135,0.154457,0.110992
838,10:33:19,4.62568,0.00994469,0.0222049,0.048791,0.0412892,0.00667228
841,10:33:25,3.65205,0.0601452,0.0943434,0.0557858,0.0486312,0.0298521
844,10:33:33,5.01857,0.0145731,0.0666667,0.028601,0.0110378,0.00525735
850,10:33:54,4.54738,0.0255565,0.0800062,0.0126214,0.0127848,0.0539254
853,10:34:01,3.86153,0.0226205,0.100402,0.0762441,0.0253671,0.028012
856,10:34:06,1.83244,0.365907,0.317549,0.256576,0.346076,0.0693461
862,10:34:43,4.40628,0.547836,0.306734,0.013653,0.00874852,0.0148976
865,10:34:48,2.28013,0.204367,0.238786,0.24365,0.0720076,0.174773
868,10:34:53,3.33126,0.0222906,0.0158192,0.0746812,0.148116,0.120186
874,10:35:09,3.39093,0.193797,0.0654987,0.0509254,0.0929339,0.037351
877,10:35:14,4.36459,0.0329111,0.0298802,0.0705075,0.0251613,0.0120434
880,10:35:20,4.21453,0.0600149,0.0325547,0.0356119,0.0397337,0.0206459
886,10:35:40,1.08174,0.306864,0.317094,0.394882,0.556972,0.433966
889,10:35:47,1.76546,0.13107,0.707697,0.178657,0.208106,0.18558
892,10:35:53,1.59976,0.838262,0.876622,0.464379,0.0822585,0.175915
898,10:36:12,1.4916,0.266198,0.44931,0.216094,0.349288,0.259949
901,10:36:17,1.36878,0.331766,0.386323,0.442584,0.270005,0.265608
904,10:36:22,1.56124,0.549056,0.368326,0.354772,0.261905,0.151661
910,10:36:43,2.17843,0.442433,0.284935,0.199707,0.148097,0.0813661
913,10:36:49,2.99677,0.353476,0.0607606,0.0463772,0.125889,0.116307
916,10:36:55,1.24253,0.192107,0.278803,0.544735,0.569604,0.195909
922,10:37:14,3.40743,0.0378669,0.108574,0.0654831,0.0602449,0.0485677
925,10:37:19,4.73732,0.0253865,0.0163925,0.0293946,0.0242004,0.016715
928,10:37:24,2.18538,0.49141,0.364246,0.341094,0.104748,0.0500942
934,10:37:41,2.17587,0.963166,0.60336,0.16291,0.133884,0.0462822
937,10:37:46,2.41056,0.284209,0.139484,0.144097,0.0843282,0.242792
940,10:37:52,1.63571,0.236543,0.283168,0.610614,0.242393,0.107644
946,10:38:16,2.24683,0.177319,0.716779,0.0715269,0.161546,0.11004
949,10:38:20,2.29148,0.426354,0.100857,0.138503,0.200126,0.147955
952,10:38:24,1.06144,0.952669,0.447642,0.668563,0.32505,0.25648
958,10:38:46,2.65827,0.0488415,0.0394458,0.237281,0.161158,0.117658
961,10:38:50,2.40123,0.314344,0.160584,0.0789474,0.209378,0.128302
964,10:38:54,1.08956,0.109121,0.244369,0.472222,0.745737,0.40217
970,10:39:12,1.82447,0.264535,0.693095,0.323324,0.106601,0.143916
973,10:39:16,2.44256,0.336705,0.269514,0.135831,0.106059,0.0845417
976,10:39:21,2.19903,0.267928,0.308075,0.128717,0.159261,0.127952
982,10:45:47,6.60584,0.006306,0.00201948,0.00243032,0.00381878,0.0343044
985,10:45:57,2.2968,0.401707,0.162545,0.0486691,0.182369,0.392344
988,10:46:03,2.97862,0.130021,0.0837143,0.140214,0.0669398,0.0764519
994,10:46:21,2.15594,0.261154,0.141687,0.185118,0.225139,0.126609
997,10:46:27,3.31504,0.020287,0.0489226,0.0229149,0.16082,0.174851
1000,10:46:34,2.79771,0.344675,0.111253,0.0854657,0.124922,0.068146
1006,10:47:06,5.35253,0.011915,0.0298445,0.0127906,0.0107097,0.00917987
1009,10:47:18,1.51715,0.27515,0.223237,0.969437,0.254083,0.10832
1012,10:47:31,3.12613,0.0392756,0.0696835,0.0723222,0.0747393,0.146494
1018,10:47:59,5.74436,0.0362523,0.0256872,0.0132606,0.00566241,0.00362517
1021,10:48:06,2.72706,0.0595569,0.0763369,0.351418,0.112144,0.0452218
1024,10:48:10,2.7725,0.289298,0.20139,0.149318,0.0648184,0.0557944
1033,10:48:45,2.03182,0.0599849,0.504762,0.491488,0.143544,0.054309
1036,10:48:53,3.16785,0.0316993,0.205442,0.0538934,0.0926969,0.0506751
1039,10:49:01,3.97317,0.018783,0.0092,0.0525537,0.0851695,0.0559968
1045,10:49:28,3.53419,0.0535122,0.0749053,0.0397071,0.0626298,0.0663862
1048,10:49:34,4.28581,0.0200784,0.0642934,0.0170406,0.0511616,0.0204207
1051,10:49:40,2.1198,0.0571299,0.127315,0.401492,0.198319,0.119694
1060,10:50:35,3.64369,0.260375,0.0803832,0.0457394,0.0508401,0.0270409
1063,10:50:44,4.63176,0.0398793,0.0224793,0.0274993,0.016558,0.0298192
1066,10:50:53,5.28763,0.152526,0.00709179,0.0093675,0.0215122,0.0116118
1072,10:51:18,2.81918,0.0383993,0.0431831,0.357263,0.15121,0.0404045
1075,10:51:28,1.75043,0.831828,0.280554,0.107067,0.291331,0.31325
1078,10:51:35,3.88043,0.016076,0.0156681,0.0982614,0.0603579,0.0376659
1084,10:52:56,3.29991,0.0144274,0.121924,0.0515006,0.0794561,0.0835105
1087,10:53:09,6.34979,0.0100501,0.00782969,0.00466025,0.015513,0.00141988
1090,10:53:17,4.50296,0.0143023,0.0153691,0.0456682,0.0384178,0.0164652
1096,10:53:45,5.54964,0.0377003,0.0863521,0.012567,0.00370305,0.00466958
1099,10:53:53,4.35515,0.0201162,0.0488627,0.124402,0.0224779,0.00526586
1102,10:54:07,4.63785,0.0140528,0.0138613,0.0445405,0.0333249,0.013458
1108,10:56:11,2.32518,0.142001,0.264082,0.194207,0.0951303,0.134777
1111,10:56:17,3.88931,0.0436276,0.0554658,0.0472828,0.0447614,0.0296486
1114,10:56:32,2.05127,0.37903,0.275175,0.308966,0.134038,0.0974169
1120,10:56:49,1.80088,0.115985,0.280485,0.411022,0.197105,0.154995
1123,10:56:55,2.32199,0.140578,0.23587,0.193629,0.137533,0.0919496
1126,10:57:00,1.73756,0.226222,0.59152,0.206129,0.221795,0.158099
1132,11:03:22,3.22467,0.189673,0.0699313,0.0511028,0.0900068,0.071015
1135,11:03:29,1.81529,0.650572,0.387334,0.230201,0.128318,0.230451
1138,11:03:37,6.80896,0.00973207,0.00199926,0.00350627,0.00352834,0.00951692
1144,11:03:55,4.29477,0.0137209,0.0533158,0.0598378,0.0289429,0.0122255
1147,11:04:03,4.86617,0.0171223,0.0302105,0.0130027,0.0213219,0.0209276
1150,11:04:09,6.29704,0.00861871,0.00269474,0.00680811,0.011228,0.00497101
1156,11:04:28,2.9486,0.371414,0.0918047,0.0959564,0.109926,0.0454422
1159,11:04:35,2.3154,0.134073,0.380423,0.271716,0.140283,0.0386692
1162,11:04:42,3.40499,0.160414,0.0750367,0.0805734,0.103269,0.0160703
1168,11:05:00,4.12677,0.117088,0.0238448,0.0762667,0.0201449,0.0314176
1171,11:05:06,3.90215,0.18119,0.0333697,0.100511,0.0357897,0.0154096
1174,11:05:18,4.17502,0.135664,0.0658457,0.0515778,0.0311944,0.00833242
1180,11:05:45,3.63129,0.16142,0.0471593,0.0455443,0.0779226,0.0307195
1183,11:05:50,4.29213,0.125653,0.0511922,0.103657,0.0141877,0.00850907
1186,11:05:55,4.82819,0.0911548,0.112894,0.0181567,0.0110703,0.00657023
1192,11:06:12,5.17583,0.101297,0.0517805,0.0269508,0.00655166,0.00426637
1195,11:06:22,5.54195,0.0535742,0.0323837,0.0239186,0.00512565,0.0031385
1198,11:06:29,5.79821,0.0420504,0.00161563,0.00542409,0.0375748,0.00876071
1207,11:07:00,5.22553,0.013951,0.0211848,0.0080529,0.0271273,0.00985847
1210,11:07:06,3.14579,0.156601,0.0430953,0.104793,0.0886483,0.068365
1213,11:07:12,2.95937,0.25012,0.239113,0.0724741,0.0867846,0.038961
1219,11:07:26,2.55337,0.118517,0.253515,0.199555,0.049526,0.143554
1222,11:07:31,4.1652,0.0363863,0.0298112,0.0207971,0.0368601,0.0696287
1225,11:07:37,3.8616,0.0753609,0.017055,0.0540158,0.0441031,0.0741365
1231,11:08:19,4.19495,0.0165875,0.0122778,0.0734279,0.0466156,0.0278732
1234,11:08:25,3.27164,0.0183043,0.0317478,0.161881,0.0784091,0.0764605
1237,11:08:30,1.57824,0.220265,0.38081,0.42404,0.218281,0.189786
1243,11:08:48,2.58774,0.77968,0.474147,0.0624501,0.116455,0.0490122
1246,11:08:55,4.41792,0.030137,0.0280248,0.0215526,0.0255937,0.0457197
1249,11:09:00,2.25024,0.122289,0.30817,0.1551,0.12888,0.142766
1255,11:09:26,3.72248,0.0787146,0.191833,0.0688579,0.0185559,0.0306418
1258,11:09:34,6.65043,0.00888856,0.00345322,0.00393872,0.0072653,0.0034641
1261,11:09:44,7.06219,0.0065625,0.00322066,0.00272869,0.00293039,0.00444106
1267,11:10:11,2.49773,0.697275,0.218618,0.107204,0.113768,0.0800813
1270,11:10:16,0.893007,0.501481,0.716991,0.249216,0.579064,0.603175
1273,11:10:21,2.88959,0.326126,0.0467591,0.112208,0.123128,0.0802555
1279,11:10:44,5.89392,0.0480979,0.0287855,0.017956,0.00407471,0.00177326
1282,11:10:49,3.18793,0.0870835,0.0585174,0.116635,0.0428955,0.124592
1285,11:10:57,3.50095,0.429077,0.0620137,0.0744768,0.0684814,0.0187167
1291,11:11:25,3.7885,0.163993,0.022529,0.0348831,0.148401,0.0190198
1294,11:11:32,3.68207,0.0150527,0.0225924,0.10564,0.0501116,0.070264
1297,11:11:44,6.12275,0.00905445,0.0061906,0.00719395,0.00889164,0.00567547
1303,11:12:20,2.56553,0.0500414,0.182446,0.229409,0.190802,0.0321493
1306,11:12:26,3.84686,0.017003,0.111173,0.0641207,0.0522385,0.0134854
1309,11:12:34,3.61642,0.0789909,0.042379,0.0959377,0.0320035,0.0614136
1315,11:12:49,3.71083,0.189273,0.179181,0.0255029,0.045152,0.0260609
1318,11:12:58,5.11137,0.142801,0.0126737,0.0298611,0.013323,0.00624592
1321,11:13:05,6.7388,0.0128587,0.00802573,0.00407807,0.00313134,0.00296881
1327,11:13:29,3.17631,0.0819595,0.265696,0.0874599,0.0560498,0.0309437
1330,11:13:36,4.50998,0.0189482,0.0363804,0.0600866,0.0285326,0.00687413
1333,11:13:44,4.12323,0.0169527,0.156839,0.0597338,0.0256436,0.00950737
1339,11:14:02,3.42995,0.0327466,0.0709789,0.227589,0.0300101,0.0387413
1342,11:14:08,2.32627,0.18118,0.377318,0.193995,0.143068,0.0502098
1345,11:14:14,4.79974,0.112063,0.0208862,0.0118233,0.0332392,0.0128969
1351,11:14:53,3.72233,0.138866,0.0791368,0.0381948,0.0661006,0.0214324
1354,11:14:57,1.86528,0.194987,0.0543483,0.604269,0.252226,0.214686
1357,11:15:02,2.46669,0.203627,0.171221,0.117274,0.158045,0.096437
1363,11:15:18,3.71981,0.0177457,0.0321701,0.285751,0.0406831,0.0157739
1366,11:15:23,3.26829,0.122158,0.175104,0.0864122,0.0452138,0.0385049
1369,11:15:28,3.19601,0.0796266,0.1971,0.0537659,0.136059,0.0206799
1375,11:15:53,2.8262,0.312697,0.0697004,0.148703,0.0966817,0.0701751
1378,11:15:58,1.84665,0.566632,0.308178,0.484947,0.153652,0.0814427
1381,11:16:05,3.88591,0.0538038,0.0249831,0.0615563,0.0450549,0.0429577
1387,11:16:20,3.7793,0.0264009,0.102782,0.145593,0.0289235,0.0134268
1390,11:16:24,3.12939,0.118872,0.0570213,0.0613863,0.121023,0.0772637
1393,11:16:27,3.34493,0.188196,0.140867,0.118591,0.0412752,0.0232773
1399,11:16:47,3.97022,0.175316,0.120604,0.0215884,0.031078,0.0288353
1402,11:16:54,4.82665,0.0102899,0.0365254,0.0283621,0.0233698,0.00800166
1405,11:17:02,5.08252,0.0306878,0.0481524,0.0198455,0.0125368,0.00580033
1411,11:17:20,2.63599,0.440302,0.0914757,0.22677,0.0835119,0.0744369
1414,11:17:26,3.95533,0.0554743,0.0392039,0.134258,0.0202651,0.0239723
1417,11:17:31,5.79543,0.0135748,0.0102563,0.0131329,0.0113347,0.003788
1423,11:17:52,3.75914,0.123625,0.184504,0.0361777,0.0234536,0.0384064
1426,11:17:59,3.30823,0.0592265,0.043432,0.211377,0.0420287,0.0570677
1429,11:18:06,3.30296,0.0294268,0.114819,0.070076,0.0578976,0.0733068
1435,11:18:28,4.06489,0.0206281,0.0301557,0.0915605,0.0204744,0.0436367
1438,11:18:34,3.7794,0.0894472,0.0125295,0.0328513,0.0986418,0.0796722
1441,11:18:40,2.48732,0.0797041,0.410985,0.142219,0.109487,0.0679393
1447,11:19:00,3.92077,0.0218581,0.124663,0.0694884,0.033806,0.0137415
1450,11:19:09,2.96048,0.113091,0.0845926,0.120077,0.100753,0.0586201
1453,11:19:16,3.21344,0.553744,0.12773,0.0560545,0.0685749,0.0383664
1459,11:19:31,4.288,0.321044,0.0107759,0.0894359,0.0420434,0.00759398
1462,11:19:34,3.98644,0.0179225,0.0424519,0.0455545,0.0416002,0.0402352
1465,11:19:39,2.94117,0.0426803,0.0801922,0.160182,0.161237,0.0331791
1471,11:20:09,3.143,0.0233062,0.280144,0.0628922,0.107243,0.0309284
1474,11:20:13,3.68483,0.123014,0.0379691,0.0303512,0.127207,0.0281073
1477,11:20:18,4.70989,0.00968659,0.0203753,0.0166244,0.0382918,0.0222685
1483,11:20:34,3.38235,0.0269633,0.0651214,0.0626821,0.130694,0.0352868
1486,11:20:39,4.26123,0.323471,0.036357,0.0389615,0.0235943,0.0165086
1489,11:20:46,4.61345,0.0476974,0.0448074,0.044957,0.016427,0.00856521
1495,11:21:05,1.58394,0.265424,0.385359,0.359722,0.198793,0.241444
1498,11:21:10,3.74696,0.0685714,0.0575454,0.0368876,0.0492825,0.0518845
1501,11:21:16,3.22159,0.106315,0.110322,0.0783862,0.0826321,0.0369531
1507,11:21:30,3.60468,0.0390564,0.0552104,0.141591,0.0621905,0.0153737
1510,11:21:34,3.88311,0.0165321,0.0283327,0.098563,0.0581524,0.0219787
1513,11:21:38,4.34427,0.0191196,0.0150924,0.0231532,0.0454857,0.0528536
1519,11:22:00,3.6676,0.053422,0.0358568,0.0276559,0.141128,0.0404358
1522,11:22:04,2.94529,0.194036,0.0713524,0.125326,0.139845,0.0370869
1525,11:22:09,4.05465,0.223343,0.0501032,0.0427176,0.0300115,0.0198157
1531,11:22:22,3.38996,0.0211534,0.0503246,0.0304339,0.189441,0.0698279
1534,11:22:25,3.79332,0.0275359,0.0624041,0.0709363,0.0833201,0.0114597
1537,11:22:29,5.34383,0.0324823,0.00793823,0.0109404,0.0108815,0.0290415
1543,11:22:48,4.73849,0.262335,0.0778897,0.0155601,0.00946555,0.0143243
1546,11:22:53,3.36841,0.0802411,0.101814,0.194222,0.0335227,0.0274321
1549,11:22:58,5.33254,0.0110404,0.00579777,0.00612488,0.0400391,0.0197362
1555,11:23:34,4.26113,0.352211,0.0159621,0.0183592,0.0421292,0.040496
1558,11:23:39,5.30357,0.0267262,0.0105432,0.0224706,0.0100237,0.0126144
1561,11:23:44,4.76866,0.122021,0.119223,0.0193444,0.00907734,0.0087392
1567,11:24:07,2.59101,0.17953,0.119181,0.613993,0.0714955,0.0329692
1570,11:24:13,4.01226,0.708343,0.154036,0.0299145,0.0210832,0.014036
1573,11:24:16,3.23257,0.0359342,0.061344,0.0772212,0.173501,0.0321015
1579,11:24:29,3.50315,0.0338077,0.0879283,0.0714018,0.079753,0.0256887
1582,11:24:33,4.6477,0.0193833,0.102553,0.0193882,0.0173533,0.0119814
1585,11:24:38,5.02016,0.0303121,0.0659574,0.0186873,0.010086,0.00803503
1591,11:25:38,2.14813,0.191016,0.115136,0.576746,0.114772,0.108351
1594,11:25:48,2.31236,0.301349,0.101079,0.186343,0.260959,0.0726946
1597,11:25:57,5.12363,0.0163477,0.0135898,0.0188736,0.0101256,0.0289718
1603,11:26:30,6.24189,0.257232,0.00851606,0.00390763,0.0031656,0.00794973
1606,11:26:35,3.99927,0.0131099,0.0612642,0.127605,0.0206847,0.0216517
1609,11:26:41,4.04665,0.0734812,0.0265907,0.0851343,0.0351,0.0182585
1615,11:27:31,3.0132,0.0477625,0.189854,0.0947443,0.0554763,0.0889171
1618,11:27:34,4.34499,0.0339767,0.083804,0.0327022,0.0304466,0.00962309
1621,11:27:37,2.99726,0.0642206,0.0872211,0.110104,0.162201,0.0340413
1627,11:28:02,5.06085,0.017283,0.0400506,0.00969721,0.0176443,0.0138118
1630,11:28:05,2.368,0.127932,0.0395132,0.347251,0.388612,0.0500211
1633,11:28:11,4.67674,0.0241591,0.189031,0.0126199,0.0155101,0.0110635
1639,11:28:48,4.61507,0.0790642,0.0406527,0.0621987,0.0108732,0.00937116
1642,11:28:54,2.88546,0.0992268,0.0975566,0.131908,0.123614,0.0481135
1645,11:28:58,3.89591,0.0285884,0.0422106,0.058072,0.0348152,0.0470794
1651,11:30:22,4.7072,0.279937,0.0953148,0.00936726,0.00884969,0.0270642
1654,11:30:29,5.76345,0.0125697,0.00693672,0.0165026,0.00650717,0.0103842
1657,11:30:39,2.40772,0.0458775,0.251505,0.133702,0.188336,0.0907253
1663,11:31:01,3.48084,0.0235202,0.0463736,0.0453767,0.129752,0.0522222
1666,11:31:06,3.05208,0.413955,0.168164,0.241836,0.0239319,0.0424735
1669,11:31:11,3.68557,0.0166837,0.0572529,0.0347074,0.0598762,0.0863492
1675,11:31:32,3.41666,0.406424,0.0412348,0.0402265,0.0990699,0.0508414
1678,11:31:35,3.71311,0.416016,0.0418064,0.0349027,0.0687358,0.0304852
1681,11:31:37,3.84425,0.463975,0.050705,0.0373858,0.0409833,0.0273321
1687,11:32:09,8.70371,0.00579031,0.00123589,0.00100118,0.000420683,0.00089142
1690,11:32:13,3.02955,0.0952343,0.0538321,0.0762355,0.230191,0.0408108
1693,11:32:18,2.12967,0.0886219,0.289853,0.0821892,0.375429,0.136155
1699,11:32:43,5.35645,0.0321388,0.00570827,0.0102503,0.0556229,0.0043117
1702,11:32:47,6.99648,0.00688031,0.00181982,0.00618086,0.00281042,0.00374147
1705,11:32:50,6.81725,0.0401562,0.00480337,0.00368454,0.00288916,0.00312751
1711,11:34:07,2.87719,0.176691,0.147874,0.0784946,0.0909828,0.0810119
1714,11:34:14,3.76786,0.15256,0.118765,0.0165642,0.116331,0.0152776
1720,11:34:26,2.56571,0.14987,0.0512288,0.221774,0.25819,0.0522277
1726,11:34:48,2.0316,0.154101,0.478036,0.298208,0.136365,0.0846512
1729,11:34:51,3.49439,0.0490517,0.180626,0.0508745,0.0521721,0.0325409
1732,11:34:58,2.56302,0.0604078,0.0941774,0.150594,0.182439,0.103514
1738,11:35:19,2.53266,0.15692,0.125466,0.133103,0.186536,0.0738227
1741,11:35:27,2.82351,0.153498,0.142817,0.135078,0.0789621,0.0669806
1744,11:35:33,2.51637,0.178745,0.25671,0.451597,0.0964314,0.020651
1750,11:35:56,3.53322,0.0481385,0.067467,0.111292,0.0510794,0.0279205
1753,11:36:01,3.26118,0.0988025,0.205286,0.0845742,0.0786498,0.0173892
1756,11:36:03,4.04025,0.0230786,0.220175,0.0214545,0.0181723,0.0499606
1762,11:36:26,2.14919,0.545856,0.165606,0.1899,0.232332,0.0819419
1765,11:36:32,2.47265,0.0784869,0.395318,0.148922,0.121748,0.061222
1768,11:36:37,4.09572,0.308449,0.0354556,0.0421708,0.0300102,0.0214761
1774,11:36:57,3.44397,0.0382887,0.0409524,0.154218,0.0769181,0.0260625
1777,11:37:01,4.03601,0.040631,0.0104177,0.0121797,0.115711,0.122703
1780,11:37:05,2.77496,0.0420889,0.450433,0.102987,0.105819,0.0383763
1786,11:39:32,4.87368,0.0187173,0.0656285,0.0424039,0.0154322,0.00336226
1789,11:39:39,4.55508,0.00909423,0.0060957,0.0270438,0.0686472,0.0323278
1792,11:39:43,4.50912,0.00973846,0.0365612,0.150428,0.0121716,0.00879614
1798,11:40:13,3.55883,0.249055,0.102594,0.0346872,0.0492231,0.0448859
1801,11:40:18,4.72921,0.105381,0.0804174,0.0379077,0.00834064,0.00757972
1804,11:40:21,5.79374,0.153124,0.00548859,0.00784,0.00455976,0.0213452
1810,11:40:44,3.87286,0.073373,0.177291,0.0344315,0.0397324,0.0154294
1813,11:40:47,6.13438,0.119016,0.0078367,0.00801728,0.00447547,0.0042646
1816,11:40:52,3.94119,0.0315464,0.0407493,0.033407,0.0690518,0.0304764
1822,11:41:11,2.92616,0.0433844,0.0560833,0.184916,0.0868451,0.0970501
1825,11:41:15,4.04234,0.039518,0.173444,0.0596918,0.0222086,0.0110631
1828,11:41:18,5.29743,0.00741903,0.00743566,0.0144135,0.0420032,0.00653432
1834,11:42:07,3.49272,0.0820662,0.0806679,0.0719241,0.0658063,0.0282571
1837,11:42:10,3.11199,0.137803,0.0956648,0.155039,0.072517,0.0307545
1840,11:42:14,2.40637,0.235308,0.430616,0.250436,0.0648771,0.0643381
1846,11:42:30,5.67481,0.0255239,0.0134534,0.0134329,0.0076465,0.00644413
1849,11:42:32,3.29231,0.02182,0.032571,0.168837,0.115319,0.0361469
1852,11:42:36,5.0162,0.00804103,0.00642081,0.0105994,0.0178086,0.107344
1858,11:43:24,3.13142,0.11028,0.0296169,0.133473,0.110364,0.0633286
1861,11:43:27,3.54028,0.0155173,0.0776253,0.0476503,0.0681176,0.0661421
1864,11:43:31,2.88185,0.0358262,0.140861,0.155615,0.115037,0.042839
1870,11:43:47,5.40215,0.00659441,0.0514234,0.0306168,0.005998,0.00406886
1873,11:43:53,4.93115,0.00779236,0.00780813,0.0364059,0.0170202,0.0287471
1876,11:43:59,4.08587,0.0258604,0.0860128,0.0292557,0.0389678,0.0233502
1882,11:44:29,7.18672,0.00416698,0.00331417,0.00143337,0.00275268,0.00743791
1885,11:44:33,6.24979,0.00467904,0.0294694,0.00734633,0.00397885,0.00282743
1888,11:44:35,6.23939,0.00526407,0.0282148,0.00734117,0.00425307,0.002699
1894,11:44:58,4.91665,0.0653656,0.0575033,0.0351259,0.0106743,0.00453398
1897,11:45:03,4.98527,0.0125928,0.00914248,0.116134,0.0156316,0.00452221
1900,11:45:04,4.98294,0.0142398,0.00963385,0.116993,0.0143257,0.00466521
1906,11:45:27,3.79993,0.0649653,0.0246068,0.0174275,0.110155,0.080818
1909,11:45:33,2.52694,0.325905,0.0860685,0.11547,0.125798,0.176294
1912,11:45:37,2.68271,0.66451,0.244403,0.101498,0.101759,0.0439065
1918,11:45:56,4.65657,0.0806951,0.0299182,0.0395362,0.0113011,0.0176743
1921,11:46:01,4.44285,0.0649859,0.0875804,0.0661066,0.00787257,0.0137246
1924,11:46:04,3.07845,0.0851346,0.147208,0.0451059,0.0993396,0.0820019
1930,11:46:27,3.25956,0.317539,0.15735,0.0970166,0.0419749,0.031145
1933,11:46:31,3.63746,0.192851,0.122122,0.0668183,0.0336008,0.0226146
1936,11:46:35,4.00105,0.0320657,0.0457575,0.0172585,0.0600663,0.0591997
1942,11:46:58,4.97209,0.367873,0.024319,0.0155465,0.0143108,0.00876673
1945,11:47:02,3.09777,0.0786309,0.189781,0.0662838,0.0565577,0.0824267
1948,11:47:06,3.69063,0.0465252,0.151309,0.143461,0.0252813,0.0134734
1954,11:50:07,3.92126,0.228147,0.20676,0.030276,0.0153062,0.0335485
1957,11:50:14,5.34992,0.103189,0.0165377,0.0111403,0.00915829,0.0120185
1960,11:50:21,1.99961,0.155287,0.113331,0.605354,0.207286,0.0879492
1966,11:50:41,4.70297,0.163172,0.020159,0.0242418,0.0327167,0.00723573
1969,11:50:46,4.53299,0.30417,0.0162867,0.0128488,0.021534,0.0560778
1972,11:50:51,6.39535,0.00622078,0.00539033,0.0115945,0.00535232,0.00276427
1978,11:51:12,3.93977,0.03773,0.0531927,0.0770719,0.074384,0.00712689
1981,11:51:16,3.92586,0.0711598,0.0495179,0.0339844,0.0368518,0.0482779
1984,11:51:22,2.70799,0.118503,0.114808,0.136127,0.168628,0.0491239
1990,11:51:45,5.11713,0.0297707,0.0424852,0.0152784,0.00606614,0.0217875
1993,11:51:50,3.46883,0.100532,0.014482,0.221783,0.0873871,0.0249261
1996,11:51:55,4.05938,0.0140397,0.0267373,0.0937735,0.042537,0.0199859